,0
0,1511.36103955
1,1510.36287593
2,1509.36101851
3,1508.36077931
4,1507.36079353
5,1506.3610046
6,1505.36326512
7,1504.35935522
8,1503.36063615
9,1502.36041653
10,1501.36443864
11,1500.36339581
12,1499.36132641
13,1498.3631012
14,1497.36294907
15,1496.36074368
16,1495.36105808
17,1494.36266268
18,1493.36027022
19,1492.36156768
20,1491.36307406
21,1490.36077694
22,1489.36389126
23,1488.36208307
24,1487.36485422
25,1486.3626644
26,1485.36287919
27,1484.36128191
28,1483.36288915
29,1482.36579211
30,1481.36452887
31,1480.36337037
32,1479.36141715
33,1478.36058191
34,1477.36130918
35,1476.3607122
36,1475.36471409
37,1474.36291629
38,1473.36241695
39,1472.36136502
40,1471.36291637
41,1470.36249344
42,1469.36228066
43,1468.36168557
44,1467.36293309
45,1466.36372234
46,1465.36219694
47,1464.36255036
48,1463.36090925
49,1462.3620245
50,1461.36111752
51,1460.36326315
52,1459.36023112
53,1458.36107456
54,1457.36111187
55,1456.36346003
56,1455.36170427
57,1454.36199965
58,1453.36078955
59,1452.36010683
60,1451.36246809
61,1450.36279316
62,1449.36246346
63,1448.3617205
64,1447.36255312
65,1446.36177969
66,1445.36109949
67,1444.36483642
68,1443.36247619
69,1442.36100461
70,1441.36349263
71,1440.36245945
72,1439.36259006
73,1438.36099502
74,1437.36302593
75,1436.36272154
76,1435.35972049
77,1434.3638936
78,1433.36012968
79,1432.36428984
80,1431.36105293
81,1430.36081849
82,1429.36076537
83,1428.36061295
84,1427.3646756
85,1426.36259797
86,1425.35956263
87,1424.36025108
88,1423.36072351
89,1422.36147986
90,1421.36522873
91,1420.36124342
92,1419.36041564
93,1418.36154786
94,1417.36133754
95,1416.3649593
96,1415.36104584
97,1414.36082735
98,1413.36356902
99,1412.36020648
100,1411.36156872
101,1410.35999733
102,1409.36128498
103,1408.36246504
104,1407.36325309
105,1406.3609611
106,1405.36303247
107,1404.36276967
108,1403.36362134
109,1402.36064329
110,1401.36922383
111,1400.36014731
112,1399.36178419
113,1398.36161021
114,1397.36247983
115,1396.3619586
116,1395.36290263
117,1394.36274856
118,1393.36364531
119,1392.36307132
120,1391.36227476
121,1390.36209764
122,1389.36392325
123,1388.36112934
124,1387.36127992
125,1386.36086181
126,1385.36017647
127,1384.36074777
128,1382.36024051
129,1381.36101652
130,1380.36196577
131,1379.36240725
132,1378.3607536
133,1377.36059987
134,1376.360335
135,1375.36047168
136,1374.36083287
137,1373.36007028
138,1372.36076327
139,1371.36033648
140,1370.36031594
141,1369.36227763
142,1368.36086791
143,1367.36223625
144,1365.36107257
145,1364.36101011
146,1363.36091424
147,1362.36216528
148,1361.36094305
149,1360.36214945
150,1359.36286801
151,1358.36114834
152,1357.36116009
153,1356.36479972
154,1355.36172411
155,1354.36121048
156,1353.36300034
157,1352.36101319
158,1351.36133711
159,1350.36127637
160,1349.36254346
161,1348.36183089
162,1347.36347683
163,1346.36372736
164,1345.36184302
165,1344.36149362
166,1343.36127246
167,1342.36191858
168,1341.36280408
169,1340.36353964
170,1339.36199305
171,1338.36314275
172,1337.3651943
173,1336.35981849
174,1335.36262099
175,1334.3624843
176,1333.36580364
177,1332.36582594
178,1331.36157413
179,1330.36258813
180,1329.36116704
181,1328.36263903
182,1327.36260084
183,1326.36078005
184,1325.36112202
185,1324.36364945
186,1323.3630705
187,1322.36389228
188,1321.36214363
189,1320.3636914
190,1319.36324627
191,1318.36165165
192,1317.36221303
193,1316.36102101
194,1315.36227592
195,1314.36430621
196,1313.3625801
197,1312.36155619
198,1311.36276663
199,1310.3607766
200,1309.36100034
201,1308.36279417
202,1307.36316785
203,1306.36251806
204,1305.36067054
205,1304.36111305
206,1303.36241463
207,1302.36135843
208,1301.3606808
209,1300.36113665
210,1299.3605576
211,1298.36329025
212,1297.36116687
213,1296.36119261
214,1295.36262834
215,1294.3681817
216,1293.3610968
217,1292.36246156
218,1291.36205262
219,1290.3625448
220,1289.36216293
221,1288.36260912
222,1287.36140686
223,1286.36287926
224,1285.36079203
225,1284.35985058
226,1283.36248357
227,1282.36085664
228,1281.36075372
229,1280.3625559
230,1279.36093823
231,1278.36382302
232,1277.36303751
233,1276.36005912
234,1275.36319034
235,1274.36342002
236,1273.36244967
237,1272.36165846
238,1271.36301087
239,1270.36084321
240,1269.3629127
241,1268.36259199
242,1267.36178566
243,1266.36080061
244,1265.3635004
245,1264.36245332
246,1263.36001076
247,1262.36348162
248,1261.36088631
249,1260.3647021
250,1259.36392001
251,1258.36221916
252,1257.36138693
253,1256.36106035
254,1255.36095215
255,1254.35941157
256,1253.36080246
257,1252.36122548
258,1251.36497073
259,1250.36126996
260,1249.36118986
261,1248.36199229
262,1247.36065805
263,1246.3620511
264,1245.36324016
265,1244.36109753
266,1243.36042734
267,1242.36177982
268,1241.36016188
269,1240.3605058
270,1239.36584767
271,1238.36239503
272,1237.36114757
273,1236.36651452
274,1235.36102336
275,1234.36383713
276,1233.36279576
277,1232.36187874
278,1231.36329346
279,1230.36091914
280,1229.36353632
281,1228.36197712
282,1227.36388671
283,1226.3616634
284,1225.36190828
285,1224.36103305
286,1223.36096032
287,1222.36331521
288,1221.3654168
289,1220.36441555
290,1219.36262575
291,1218.36032226
292,1217.36548516
293,1216.36380116
294,1215.3608711
295,1214.36041864
296,1213.36242709
297,1212.36092788
298,1211.36224065
299,1210.36195569
300,1209.36081415
301,1208.36097585
302,1207.36005935
303,1206.36079155
304,1205.36044667
305,1204.36229809
306,1203.3638225
307,1202.36292536
308,1201.3626389
309,1200.35976355
310,1199.36081614
311,1198.36264874
312,1197.36238619
313,1196.36075498
314,1195.35967814
315,1194.36280672
316,1193.36383808
317,1192.3608231
318,1191.36031343
319,1190.36108837
320,1189.36097045
321,1188.36206095
322,1187.36041907
323,1186.36798194
324,1185.36177034
325,1184.36286223
326,1183.36211581
327,1182.36119621
328,1181.36264818
329,1180.36154833
330,1179.36107401
331,1178.36382542
332,1176.36198794
333,1175.36135265
334,1174.36025854
335,1173.36123403
336,1172.36094503
337,1171.36218369
338,1170.36259031
339,1169.36185548
340,1168.3625599
341,1167.36129443
342,1166.3611805
343,1165.36146119
344,1164.3608192
345,1163.36091328
346,1162.36272542
347,1161.36366377
348,1160.36028754
349,1159.36150267
350,1158.365782
351,1157.36267402
352,1156.36122829
353,1155.36182222
354,1154.36048916
355,1153.36243332
356,1152.36266003
357,1151.36300865
358,1150.36099425
359,1149.36267974
360,1148.36258997
361,1147.36055354
362,1146.36084749
363,1145.36119172
364,1144.36173818
365,1143.36253121
366,1142.36070795
367,1141.36041432
368,1140.36292258
369,1139.3605146
370,1138.36072786
371,1137.36414053
372,1136.36070849
373,1135.36080392
374,1134.3627819
375,1133.36271814
376,1132.36184997
377,1131.36159391
378,1130.37390015
379,1129.36196609
380,1128.36284382
381,1127.36284527
382,1126.36262511
383,1125.36292484
384,1124.36077627
385,1123.36287464
386,1122.36077202
387,1121.3620246
388,1120.36134936
389,1119.36134178
390,1118.36456391
391,1117.36333849
392,1116.36297609
393,1115.3609568
394,1114.3627945
395,1113.36248529
396,1112.36200079
397,1111.36337503
398,1110.3605545
399,1109.36262218
400,1108.36283716
401,1107.36230815
402,1106.36087499
403,1105.36286947
404,1104.36291101
405,1103.36340175
406,1102.36208855
407,1101.36539902
408,1100.36485342
409,1099.3627555
410,1098.36261457
411,1097.36324869
412,1096.36079998
413,1095.35993333
414,1094.3608209
415,1093.36185052
416,1092.36288467
417,1091.36231843
418,1090.36103943
419,1089.36104334
420,1088.36049415
421,1087.36119651
422,1086.36396639
423,1085.35960819
424,1084.36456847
425,1083.36455109
426,1082.36236462
427,1081.36299034
428,1080.3622892
429,1079.36430585
430,1078.36318405
431,1077.36389533
432,1076.35987058
433,1075.3624918
434,1074.36110549
435,1073.36224969
436,1072.36323994
437,1071.36067765
438,1070.36299259
439,1069.36246927
440,1068.36122549
441,1067.36123864
442,1066.36173054
443,1065.36120197
444,1064.3601969
445,1063.36224613
446,1062.3614339
447,1061.36008444
448,1060.36203778
449,1059.36073806
450,1058.3609275
451,1057.36274599
452,1056.36040342
453,1055.36240158
454,1054.36239574
455,1053.36266945
456,1052.36258473
457,1051.36105962
458,1050.36362974
459,1049.36492083
460,1048.36246362
461,1047.36201666
462,1046.3638935
463,1045.36122553
464,1044.36158925
465,1043.35991387
466,1042.36162382
467,1041.36007719
468,1040.36176144
469,1039.36505942
470,1038.36081529
471,1037.36091852
472,1036.36288237
473,1035.36116621
474,1034.36154231
475,1033.36260954
476,1032.3657198
477,1031.36400258
478,1030.3628626
479,1029.36454779
480,1028.36585452
481,1027.36098676
482,1026.36157801
483,1025.36241414
484,1024.36158375
485,1023.36034033
486,1022.36102638
487,1021.36221856
488,1020.35979426
489,1019.35997823
490,1018.36098809
491,1017.363633
492,1016.36244059
493,1015.36333991
494,1014.3616283
495,1013.36131185
496,1012.35976636
497,1011.36281195
498,1010.36163532
499,1009.36262029
500,1008.3609704
501,1007.36119162
502,1006.36326488
503,1005.3607709
504,1004.36016429
505,1003.36339728
506,1002.36240031
507,1001.36035649
508,1000.36092833
509,999.362372287
510,998.3629338
511,997.360687658
512,996.360491835
513,995.362196348
514,994.36000732
515,993.360450139
516,992.362362466
517,991.362903875
518,990.360011161
519,989.362728002
520,988.361116714
521,987.361364286
522,986.359800001
523,985.360927844
524,984.360617772
525,983.360773348
526,982.360340101
527,981.362415192
528,980.360802459
529,979.362512465
530,978.362564457
531,977.362443283
532,976.362884609
533,975.361791178
534,974.361120547
535,973.360382384
536,972.36580138
537,971.362766698
538,970.360069296
539,969.362513471
540,968.364196889
541,967.362262479
542,966.36411926
543,965.361598794
544,964.361584845
545,963.360189093
546,962.363894173
547,961.362876921
548,960.361312269
549,959.362177656
550,958.363808775
551,957.360921333
552,956.366050666
553,955.362923059
554,954.363124125
555,953.362590042
556,952.360753047
557,951.360984936
558,950.364079601
559,948.360025868
560,947.365386931
561,946.360805613
562,945.361340272
563,944.359766962
564,943.362827203
565,942.360759883
566,941.360472832
567,940.363433299
568,939.365884021
569,938.361065846
570,937.361265814
571,936.363144205
572,935.362600263
573,934.360880798
574,933.36077684
575,932.359052241
576,931.360928899
577,930.36060393
578,929.35978963
579,928.361886121
580,927.362972114
581,926.360207632
582,925.363268233
583,924.363952295
584,922.360969019
585,921.364410837
586,920.361999679
587,919.360818305
588,918.360881751
589,917.360954857
590,916.364734998
591,915.362615045
592,914.359893412
593,913.362144114
594,912.36105563
595,911.362202882
596,910.361574649
597,908.360736883
598,907.363821778
599,906.360921437
600,905.361016435
601,904.361192883
602,903.362863981
603,902.363291095
604,901.363626318
605,900.364780368
606,899.360622958
607,898.360735265
608,897.361035338
609,896.361831371
610,895.362730473
611,894.360510288
612,893.362199322
613,892.36138845
614,891.364067372
615,890.361150485
616,889.362480836
617,888.362114735
618,887.360782254
619,886.361239398
620,885.362758411
621,884.363204809
622,883.360560933
623,882.360561095
624,881.362170594
625,880.36136738
626,879.361745176
627,878.360698716
628,877.36054292
629,876.362462689
630,875.362747823
631,874.362697361
632,873.362088603
633,872.362839054
634,871.363160001
635,870.360941741
636,869.361135703
637,868.363029021
638,867.361150178
639,866.360373332
640,865.362643453
641,864.362207625
642,863.362573855
643,862.364236177
644,861.360963067
645,860.364265889
646,859.361269736
647,858.362885773
648,857.361790432
649,856.363349188
650,855.365167389
651,854.360336023
652,853.362212591
653,852.361607538
654,851.360887468
655,850.362699965
656,849.362868442
657,848.36266799
658,847.361966925
659,846.36118264
660,845.361262843
661,844.361764405
662,843.361293883
663,842.362210467
664,841.362694922
665,840.360983059
666,839.361649429
667,838.362525926
668,837.360878438
669,836.362803786
670,835.361062957
671,834.360568732
672,833.361945271
673,832.360640007
674,831.364295521
675,830.36163016
676,829.362887614
677,828.361474426
678,826.363350215
679,825.360296181
680,824.36042642
681,823.360051779
682,822.361526604
683,821.359267502
684,820.362660969
685,819.360781604
686,818.36178603
687,817.362081418
688,816.366476437
689,815.36278259
690,814.361051108
691,813.360948946
692,812.360231209
693,811.362566263
694,810.362451232
695,809.36057832
696,808.361087374
697,807.359781664
698,806.360432008
699,805.362807241
700,804.361943661
701,803.362338412
702,802.360282855
703,801.362826074
704,800.362631149
705,799.361912581
706,798.36264822
707,797.360934396
708,796.359995938
709,795.361409466
710,794.362649644
711,793.362649866
712,792.362878336
713,791.36350484
714,790.362407259
715,789.360132662
716,788.36377411
717,787.362559709
718,786.36077292
719,785.360957116
720,784.360307995
721,783.3630093
722,782.360323755
723,781.361431906
724,780.36107796
725,779.362440491
726,778.362580842
727,777.361739645
728,776.360933289
729,775.364799006
730,774.361079128
731,773.360011406
732,772.363215677
733,771.361595923
734,770.362337951
735,769.36108491
736,768.362734412
737,767.362377023
738,766.36091058
739,765.360263979
740,764.364525774
741,763.362024561
742,762.363170202
743,761.361749797
744,760.36172188
745,759.360206509
746,758.362178052
747,757.36321407
748,756.360550235
749,755.361618769
750,754.363597576
751,753.362848611
752,752.361008821
753,751.362013417
754,750.362049239
755,749.365875323
756,748.363848275
757,747.363066938
758,746.36104693
759,745.361311163
760,744.363892261
761,743.364108703
762,742.36199063
763,741.36082256
764,740.365660133
765,739.36967608
766,738.360928909
767,737.361212818
768,736.360297477
769,735.360883357
770,734.371773462
771,733.36204642
772,732.360795755
773,731.362227225
774,730.359988122
775,729.362863125
776,728.361745718
777,727.360086895
778,726.362284285
779,725.362725992
780,724.362605364
781,723.363102423
782,722.362596819
783,721.361490633
784,720.360934074
785,719.360941847
786,718.362458769
787,717.362951569
788,716.360804006
789,715.364003174
790,714.365169538
791,713.362306628
792,712.35977164
793,711.365904557
794,710.362568294
795,709.361028725
796,708.363086159
797,707.363427059
798,706.360181037
799,705.362720281
800,704.360679064
801,703.363084547
802,702.361584788
803,701.361990916
804,700.362735496
805,699.360824446
806,698.361048594
807,697.368372587
808,696.360761379
809,695.364228383
810,694.36253309
811,693.360484708
812,692.3626903
813,691.364034009
814,690.362433397
815,689.360465481
816,688.362452282
817,687.362184001
818,686.36139438
819,685.363629598
820,684.360991981
821,683.362415751
822,682.362641771
823,681.361391174
824,680.363891936
825,679.366666879
826,678.362194341
827,677.362028836
828,676.361714033
829,675.362813822
830,674.362636769
831,673.36423756
832,672.360933954
833,671.361587748
834,670.362997304
835,669.360418314
836,668.361172947
837,667.363627697
838,666.360937057
839,665.36248498
840,664.361390207
841,663.359646073
842,662.36124541
843,661.361530865
844,660.360327354
845,659.363275606
846,658.366778921
847,657.363606171
848,656.362607652
849,655.362717359
850,654.3627227
851,653.361170978
852,652.369323978
853,651.360797078
854,650.360828423
855,649.362575699
856,648.365193461
857,647.36511406
858,646.365554898
859,645.361976573
860,644.360962318
861,643.362607155
862,642.36482317
863,641.362568859
864,640.362844008
865,639.365514717
866,638.360781961
867,637.361141495
868,636.361333015
869,635.362075309
870,634.359906658
871,633.360829765
872,632.360769465
873,631.360913186
874,630.361909237
875,629.361546621
876,628.361197872
877,627.371951071
878,626.360208671
879,625.362482877
880,624.360683026
881,623.36093044
882,622.361352426
883,621.360173215
884,620.363509009
885,619.36484117
886,618.364499582
887,617.36248895
888,616.363883231
889,615.360509355
890,614.363261904
891,613.361125342
892,612.362108626
893,611.361122908
894,610.359865872
895,609.36130962
896,608.359613272
897,607.362166878
898,606.363271459
899,605.361209018
900,604.362491886
901,603.362089412
902,602.360375627
903,601.363143933
904,600.360543898
905,599.362708236
906,598.362419259
907,597.36220213
908,596.360785069
909,595.360030856
910,594.361594597
911,593.360781931
912,592.361617695
913,591.361455538
914,590.362080853
915,589.361073502
916,588.362940537
917,587.362168452
918,586.361296656
919,585.360831543
920,584.361756565
921,583.363253908
922,582.365707457
923,581.360819819
924,580.360858382
925,579.361170903
926,578.362654845
927,577.360896439
928,576.360275661
929,575.361086162
930,574.360412617
931,573.362649993
932,572.363031085
933,571.363188234
934,570.362919189
935,569.361815798
936,568.361982706
937,567.363435407
938,566.361667174
939,565.361513775
940,564.362621826
941,563.360795165
942,562.363252658
943,561.361664423
944,560.36288439
945,559.360816598
946,558.360924999
947,557.361791271
948,556.36220212
949,555.361021929
950,554.362814188
951,553.364131101
952,552.361205059
953,551.359926051
954,550.362453418
955,549.361696245
956,548.363772216
957,547.360924442
958,546.364410799
959,545.361239975
960,544.362548775
961,543.362190578
962,542.360766411
963,541.361050492
964,540.360046697
965,539.360918785
966,538.359636583
967,537.360320277
968,536.360778279
969,535.360814148
970,534.360545912
971,533.365730955
972,532.360626021
973,531.361715755
974,530.362250136
975,529.36527746
976,528.362867356
977,527.362998478
978,526.362462181
979,525.36083295
980,524.362165309
981,523.360760684
982,522.360685871
983,521.360342959
984,520.36064552
985,519.365392303
986,518.363184931
987,517.362466172
988,516.363138239
989,515.359804738
990,514.362927773
991,513.360035963
992,512.364502171
993,511.362667535
994,510.361019394
995,509.362242535
996,508.362139041
997,507.361557726
998,506.360816086
999,505.363726491
1000,504.360834466
1001,503.360828253
1002,502.360783588
1003,501.361528747
1004,500.361065758
1005,499.36308905
1006,498.361718466
1007,497.362468833
1008,496.360974141
1009,495.361619585
1010,494.361940402
1011,493.36536924
1012,492.361741425
1013,491.362444342
1014,490.360914661
1015,489.361049171
1016,488.363299599
1017,487.361415965
1018,486.361990243
1019,485.36275366
1020,484.362898636
1021,483.360710225
1022,482.362276412
1023,481.361913388
1024,480.362316519
1025,479.362894767
1026,478.360792313
1027,477.36235864
1028,476.360810438
1029,475.361210863
1030,474.359939502
1031,473.360782076
1032,472.359652427
1033,471.362440923
1034,470.361244113
1035,469.362488038
1036,468.362452046
1037,467.362759758
1038,466.360846332
1039,465.360628599
1040,464.360565897
1041,463.36169323
1042,462.362451781
1043,461.362876962
1044,460.361043469
1045,459.362005687
1046,458.361402903
1047,457.362263605
1048,456.361500558
1049,455.362364063
1050,454.360822446
1051,453.3603938
1052,452.36436895
1053,451.362431265
1054,450.361574691
1055,449.361220761
1056,448.362541056
1057,447.360660984
1058,446.362874948
1059,445.360495854
1060,444.361195302
1061,443.361824095
1062,442.361153912
1063,441.360025044
1064,440.360851993
1065,439.360402021
1066,438.361155242
1067,437.360569097
1068,436.3611663
1069,435.360625719
1070,434.360958944
1071,433.36293748
1072,432.360884615
1073,431.364067897
1074,430.360690144
1075,429.362417018
1076,428.365380719
1077,427.362571017
1078,426.364157784
1079,425.361289738
1080,424.362130893
1081,423.362204338
1082,422.360927874
1083,421.36206805
1084,420.36118686
1085,419.361998529
1086,418.363265766
1087,417.361573333
1088,416.362335463
1089,415.362582312
1090,414.361457633
1091,413.363396631
1092,412.364544516
1093,411.364339708
1094,410.360976567
1095,409.364347067
1096,408.363909125
1097,407.362989063
1098,406.361986896
1099,405.362380115
1100,404.364222432
1101,403.366757726
1102,402.362017063
1103,401.36375539
1104,400.360782631
1105,399.361738654
1106,398.36169727
1107,397.362891669
1108,396.360802563
1109,395.36131723
1110,394.359752593
1111,393.360733979
1112,392.362653121
1113,391.362084371
1114,390.362522452
1115,389.360023035
1116,388.362115443
1117,387.361265624
1118,386.3612774
1119,385.361541603
1120,384.360625449
1121,383.360411994
1122,382.36177352
1123,381.362880353
1124,380.359808451
1125,379.362022595
1126,378.361716936
1127,377.360316868
1128,376.361014384
1129,375.361841085
1130,374.362518304
1131,373.361003346
1132,372.36029222
1133,371.362014956
1134,370.35994183
1135,369.36156057
1136,368.360607549
1137,367.361030987
1138,366.363911101
1139,365.362812163
1140,364.360931629
1141,363.360844428
1142,362.359951653
1143,361.362356988
1144,360.360647573
1145,359.361011871
1146,358.361160146
1147,357.360282767
1148,356.360209792
1149,355.362078615
1150,354.360595117
1151,352.362017668
1152,351.362801081
1153,350.360527704
1154,349.362911948
1155,348.360236498
1156,347.362501302
1157,346.362741746
1158,345.360579011
1159,344.368389362
1160,343.362723704
1161,342.362815976
1162,341.362687962
1163,340.360401481
1164,339.361709826
1165,338.361115348
1166,337.361219346
1167,336.360460577
1168,335.361555661
1169,334.360933949
1170,333.36091197
1171,332.363476347
1172,331.361990449
1173,330.360764934
1174,329.360630125
1175,328.360986812
1176,327.360990814
1177,326.361047496
1178,325.362829429
1179,324.362178424
1180,323.362424338
1181,322.360514325
1182,321.369040768
1183,320.360310927
1184,319.361761064
1185,318.361831359
1186,317.360736996
1187,316.360329951
1188,315.362894941
1189,314.361264058
1190,313.360328931
1191,312.362930945
1192,311.362924211
1193,310.360632252
1194,309.364341943
1195,308.363046677
1196,307.360805512
1197,306.363107552
1198,305.362800818
1199,304.362386238
1200,303.365763965
1201,302.361086779
1202,301.36257702
1203,300.364607274
1204,298.360925376
1205,297.361314478
1206,296.361541704
1207,295.360701084
1208,294.363873104
1209,293.361062529
1210,292.362449281
1211,291.362442905
1212,290.362895229
1213,289.363187256
1214,288.362383044
1215,287.361007105
1216,286.361917255
1217,285.363452104
1218,284.359004459
1219,283.362526533
1220,282.361591534
1221,280.360493755
1222,279.364269366
1223,278.362812636
1224,277.359566785
1225,276.360594021
1226,275.35940145
1227,274.361304681
1228,273.363633757
1229,272.364579868
1230,271.362827025
1231,270.360264013
1232,269.362275218
1233,268.362705837
1234,267.362463825
1235,266.361677194
1236,265.362915212
1237,264.361946853
1238,263.359304309
1239,262.362355536
1240,261.363586704
1241,260.362349849
1242,259.364109892
1243,258.360462051
1244,257.363026925
1245,256.361951479
1246,255.360863719
1247,254.360303795
1248,253.363123219
1249,252.363189226
1250,251.361453083
1251,250.361811039
1252,249.361132884
1253,248.360418719
1254,247.361551176
1255,246.360418847
1256,245.363058535
1257,244.361559305
1258,243.360642091
1259,242.361204242
1260,241.361156074
1261,240.361027497
1262,238.363924286
1263,237.361157107
1264,236.363638609
1265,235.362699742
1266,234.363154133
1267,233.362576391
1268,232.362750594
1269,231.360877604
1270,230.362538364
1271,229.36204523
1272,228.363239014
1273,227.363978284
1274,226.362229222
1275,225.361064585
1276,224.362648413
1277,223.362942299
1278,222.362394541
1279,221.362885127
1280,220.362127589
1281,219.361001274
1282,218.361572581
1283,217.359532145
1284,216.362485509
1285,215.363920256
1286,214.363197459
1287,213.362932658
1288,212.362491155
1289,211.360755551
1290,210.365380139
1291,209.363640828
1292,208.363786339
1293,207.361743735
1294,206.361113021
1295,205.361289207
1296,204.362942936
1297,203.363013034
1298,202.360826642
1299,201.361795419
1300,200.366464092
1301,199.362341894
1302,198.362213671
1303,197.364833442
1304,196.360873777
1305,195.361433258
1306,194.361833602
1307,193.360897066
1308,192.362876894
1309,191.361001029
1310,190.36116391
1311,189.362932945
1312,188.362883193
1313,187.362729629
1314,186.361143696
1315,185.362302308
1316,184.360619626
1317,183.361175876
1318,182.362395509
1319,181.362642809
1320,180.362477219
1321,179.361833526
1322,178.363030326
1323,177.360790408
1324,176.360979227
1325,175.362641663
1326,174.361700554
1327,173.364535953
1328,172.362634849
1329,171.363065585
1330,169.362370531
1331,168.361143245
1332,167.362481475
1333,166.360890868
1334,165.36123606
1335,164.363615511
1336,163.359593099
1337,162.362256235
1338,161.36146165
1339,160.362890083
1340,159.360103017
1341,158.362805378
1342,157.361311448
1343,156.359948597
1344,155.363041862
1345,154.362575957
1346,153.363522995
1347,152.362324648
1348,151.362424499
1349,150.362643889
1350,149.36175984
1351,148.361676679
1352,147.360569012
1353,146.360009822
1354,145.361532402
1355,144.360820826
1356,143.36104732
1357,142.361125549
1358,141.361386051
1359,140.360212677
1360,139.361941176
1361,138.36019788
1362,137.364406497
1363,136.362993568
1364,135.362187123
1365,134.360734555
1366,133.361219315
1367,132.364091466
1368,131.360425994
1369,130.362678161
1370,129.361569413
1371,128.362262358
1372,127.360162654
1373,126.362948474
1374,125.362857213
1375,124.36503711
1376,123.362026072
1377,122.364269954
1378,121.361350337
1379,120.362126146
1380,119.364680572
1381,118.360905524
1382,117.361222611
1383,116.363628759
1384,115.361764565
1385,114.360958281
1386,113.361214017
1387,112.362635863
1388,111.362618186
1389,110.362515398
1390,109.36199752
1391,108.363262031
1392,107.360628695
1393,106.361141671
1394,105.362593299
1395,104.364307016
1396,103.360182341
1397,102.362155635
1398,101.361628403
1399,100.360948707
1400,99.3603894437
1401,98.3599632624
1402,97.3620533224
1403,96.3613685557
1404,95.3621984195
1405,94.3616537453
1406,93.3628947699
1407,92.3608013056
1408,91.3623804191
1409,90.3608369334
1410,89.3611832059
1411,88.3608613617
1412,87.36191783
1413,86.3615233664
1414,85.3614351955
1415,84.3623000835
1416,83.362270501
1417,82.3610397239
1418,81.3609555166
1419,80.3633822261
1420,79.3608158064
1421,78.3609261626
1422,77.3617355881
1423,76.3627709524
1424,75.360872588
1425,74.3609968349
1426,73.3605179411
1427,72.3618456295
1428,71.3626284246
1429,70.3607477807
1430,69.3623611321
1431,68.3649829461
1432,67.3627783026
1433,66.3596845225
1434,65.3632828014
1435,64.3620945432
1436,63.3632699986
1437,62.3620965722
1438,61.3607655743
1439,60.3635093699
1440,59.3609940406
1441,58.3612608374
1442,57.3628830388
1443,56.3591444966
1444,55.361940011
1445,54.3610096083
1446,53.3667567034
1447,52.3623084022
1448,51.3622181734
1449,50.3627748223
1450,49.3620130616
1451,48.3609908601
1452,47.3601553319
1453,45.3613959325
1454,44.3625626911
1455,43.3624054013
1456,42.3610005362
1457,41.3624930932
1458,40.3604230113
1459,39.3618545458
1460,38.3618554601
1461,37.3622413445
1462,36.3628862179
1463,35.3607097973
1464,34.3627870692
1465,33.3609666795
1466,32.3616881321
1467,31.3628802157
1468,30.3601719706
1469,29.3637882704
1470,28.3626230422
1471,27.3617992477
1472,26.3655955826
1473,25.3606570507
1474,24.3624026236
1475,23.3636131331
1476,22.3625662932
1477,21.3607568097
1478,20.3626782847
1479,19.3623301781
1480,18.3622910143
1481,17.3625517974
1482,16.3628836625
1483,15.3664442318
1484,14.3609430697
1485,13.3605455399
1486,12.3613697519
1487,11.3636770175
1488,10.3624427118
1489,9.36183511072
1490,8.36319874608
1491,7.35912384494
1492,6.36080970214
1493,5.36076260774
1494,4.36325655706
1495,3.36218985573
1496,2.36124566794
1497,1.36266386097
1498,0.362591152321
1499,-0.636963734619
1500,-1.638274533
1501,-2.63967778157
1502,-3.63905244904
1503,-4.63894290173
1504,-5.63711646058
1505,-6.63839625878
1506,-7.63728880807
1507,-8.63830922683
1508,-9.63781594911
1509,-10.6389110471
1510,-11.6391396589
1511,-12.6390206136
1512,-13.6397221203
1513,-14.6390384072
1514,-15.6390990213
1515,-16.6384419544
1516,-17.6391225264
1517,-18.6380444101
1518,-19.6377370637
1519,-20.6354188904
1520,-21.6386318896
1521,-22.6390752642
1522,-23.6390251407
1523,-24.6392911587
1524,-25.6379383524
1525,-26.6371027672
1526,-27.6377586151
1527,-28.6394161427
1528,-29.6386398877
1529,-30.6371725478
1530,-31.6388678731
1531,-32.639965301
1532,-33.636379339
1533,-34.6392026146
1534,-35.6357019955
1535,-36.638746961
1536,-37.6375467817
1537,-38.6384212823
1538,-39.6393455748
1539,-40.6391896106
1540,-41.6379911322
1541,-42.6367435155
1542,-43.6371709308
1543,-44.6383096233
1544,-45.6401188911
1545,-46.6392892868
1546,-47.6363860468
1547,-48.6390175689
1548,-49.6375244102
1549,-50.6363913292
1550,-51.6379962908
1551,-52.6380971036
1552,-53.6397399666
1553,-54.6402383508
1554,-55.6390736257
1555,-56.6369786621
1556,-57.6391888539
1557,-58.6387891332
1558,-59.6365597935
1559,-60.6397124661
1560,-61.6380985904
1561,-62.6380027305
1562,-63.6386385766
1563,-64.6374343042
1564,-65.63808429
1565,-66.6369658977
1566,-67.6390558663
1567,-68.6382429166
1568,-69.6371076777
1569,-70.6388834103
1570,-71.6382427147
1571,-72.6380234786
1572,-73.6377419808
1573,-74.6351370081
1574,-75.6365302084
1575,-76.6368558086
1576,-77.6351308296
1577,-78.6381849649
1578,-79.6389273079
1579,-80.6391789976
1580,-81.6375322733
1581,-82.6398283314
1582,-83.6391888888
1583,-84.6380038712
1584,-85.6390982445
1585,-86.638844694
1586,-87.6372120426
1587,-88.6362748089
1588,-89.6384492061
1589,-90.6353280678
1590,-92.637139083
1591,-93.637766248
1592,-94.6360809991
1593,-95.6368510739
1594,-96.6392101135
1595,-97.6372373824
1596,-98.635378193
1597,-99.6391278652
1598,-100.63664352
1599,-101.634800773
1600,-102.638812824
1601,-103.637788254
1602,-104.637973933
1603,-105.638580549
1604,-106.63824829
1605,-107.637435366
1606,-108.639171842
1607,-109.63699685
1608,-110.636739031
1609,-111.639607346
1610,-112.638893211
1611,-113.636784373
1612,-114.638194353
1613,-115.637112717
1614,-116.638740871
1615,-117.637985061
1616,-118.639123069
1617,-119.637732974
1618,-120.638927923
1619,-121.637707404
1620,-122.639607598
1621,-123.635575184
1622,-124.637549175
1623,-125.637527201
1624,-126.638722567
1625,-127.637519742
1626,-128.638968321
1627,-129.638548133
1628,-130.637347453
1629,-131.63881623
1630,-132.638837642
1631,-133.639057108
1632,-134.637281337
1633,-135.637316111
1634,-136.635426748
1635,-137.637496703
1636,-138.636721706
1637,-139.638011638
1638,-140.639178355
1639,-141.635736347
1640,-142.639693636
1641,-143.639038746
1642,-144.638109189
1643,-145.638245697
1644,-146.638395499
1645,-147.636875392
1646,-148.637141035
1647,-149.635468902
1648,-150.637972473
1649,-151.637373448
1650,-152.638373234
1651,-153.638793771
1652,-154.637619162
1653,-155.639875441
1654,-156.63712226
1655,-157.63895588
1656,-158.640748375
1657,-159.638829348
1658,-160.638934834
1659,-161.638644654
1660,-162.639417655
1661,-163.637988926
1662,-164.638271859
1663,-165.634127835
1664,-166.63956104
1665,-167.639482526
1666,-168.638042899
1667,-169.639278849
1668,-170.636477111
1669,-171.638856285
1670,-172.637345222
1671,-173.638912146
1672,-174.638731141
1673,-175.638236659
1674,-176.639363926
1675,-177.637114143
1676,-178.63608749
1677,-179.638424054
1678,-180.636417736
1679,-181.63920744
1680,-182.63888855
1681,-183.639206525
1682,-184.63759182
1683,-185.638434895
1684,-186.638260406
1685,-187.637981957
1686,-188.636639182
1687,-189.637402003
1688,-190.638851272
1689,-191.639067709
1690,-192.639367795
1691,-193.640405387
1692,-194.636368268
1693,-195.637506717
1694,-196.638117
1695,-197.63470438
1696,-198.637332477
1697,-199.63942298
1698,-200.637115499
1699,-201.639670776
1700,-202.637440623
1701,-203.63597027
1702,-204.636414321
1703,-205.637300744
1704,-206.6323972
1705,-207.636529431
1706,-208.637585205
1707,-209.636448517
1708,-210.635491034
1709,-211.638362211
1710,-212.636406481
1711,-213.638224762
1712,-214.639743469
1713,-215.63661279
1714,-216.636464845
1715,-217.638068292
1716,-218.634168312
1717,-219.63862572
1718,-220.636734631
1719,-221.637345527
1720,-222.637211028
1721,-223.635878377
1722,-224.640682153
1723,-225.639699913
1724,-226.639990272
1725,-227.637521534
1726,-228.639804039
1727,-229.63741482
1728,-230.636804557
1729,-231.639206637
1730,-232.638657344
1731,-233.638736131
1732,-235.639263075
1733,-236.638236608
1734,-237.637674809
1735,-238.637495747
1736,-239.639686251
1737,-240.637295556
1738,-241.638003307
1739,-242.638620634
1740,-243.638447601
1741,-244.637746254
1742,-245.637106908
1743,-246.638327241
1744,-247.639908512
1745,-248.638622278
1746,-249.638741683
1747,-250.637808303
1748,-251.639602332
1749,-252.638566311
1750,-253.636461282
1751,-254.63912544
1752,-255.638723753
1753,-256.637329882
1754,-257.638399177
1755,-258.63875483
1756,-259.637107742
1757,-260.638193238
1758,-261.637332689
1759,-262.637384266
1760,-263.635529557
1761,-264.637358883
1762,-265.637430097
1763,-266.638587358
1764,-267.637160491
1765,-268.639196663
1766,-269.638866309
1767,-270.632970831
1768,-271.637240429
1769,-272.638999523
1770,-273.636904971
1771,-274.637412801
1772,-275.636968907
1773,-276.637423689
1774,-277.637204374
1775,-278.637348261
1776,-279.639190794
1777,-280.638099307
1778,-281.639180498
1779,-282.640038186
1780,-283.639643423
1781,-284.639196075
1782,-285.637624135
1783,-286.639667494
1784,-287.638149453
1785,-288.639005344
1786,-289.638649642
1787,-290.639222139
1788,-291.637327062
1789,-292.63562504
1790,-293.640105537
1791,-294.639315625
1792,-295.638808807
1793,-296.638561156
1794,-297.63710916
1795,-298.638569242
1796,-299.640389014
1797,-300.638020636
1798,-301.637016966
1799,-302.635688561
1800,-303.637371189
1801,-304.637348097
1802,-305.635727989
1803,-306.637421951
1804,-307.637100865
1805,-308.63713589
1806,-309.640098465
1807,-310.635283447
1808,-311.637917937
1809,-312.637212827
1810,-313.638975559
1811,-314.636522449
1812,-315.636972585
1813,-316.638875947
1814,-317.638659622
1815,-318.639103065
1816,-320.638095888
1817,-321.637110146
1818,-322.637310515
1819,-323.638370168
1820,-324.637227028
1821,-325.637608866
1822,-326.636728668
1823,-328.636737279
1824,-329.639335972
1825,-330.636696881
1826,-331.638868038
1827,-332.639128806
1828,-333.637674954
1829,-334.639014554
1830,-335.636501751
1831,-336.637347123
1832,-337.639662575
1833,-338.637669652
1834,-339.636733335
1835,-340.637938132
1836,-341.637427941
1837,-342.637755422
1838,-343.63921222
1839,-344.634620988
1840,-345.637075769
1841,-346.639165173
1842,-347.638396362
1843,-348.637126302
1844,-349.637189721
1845,-350.639450425
1846,-351.638688074
1847,-352.640041622
1848,-353.636969313
1849,-354.637345528
1850,-355.63810042
1851,-356.63900502
1852,-357.635376322
1853,-358.63763647
1854,-359.639256996
1855,-360.636371166
1856,-361.637128322
1857,-362.638296892
1858,-363.637006942
1859,-364.636242904
1860,-365.635369927
1861,-366.638666702
1862,-367.636629423
1863,-368.639048972
1864,-369.639195435
1865,-370.639021328
1866,-371.639172235
1867,-372.634477043
1868,-373.637601716
1869,-374.637063053
1870,-375.639146104
1871,-376.636404924
1872,-377.636513402
1873,-378.638444788
1874,-379.639871012
1875,-380.639930998
1876,-381.637519339
1877,-382.637630717
1878,-383.6390205
1879,-384.638244946
1880,-385.639176375
1881,-386.637273949
1882,-387.637672735
1883,-389.638886191
1884,-390.638324276
1885,-391.638633698
1886,-392.638933432
1887,-393.637150132
1888,-394.635738977
1889,-395.635282685
1890,-396.635712423
1891,-397.638514869
1892,-398.635576812
1893,-399.638234236
1894,-400.638850562
1895,-401.638387267
1896,-402.638761973
1897,-403.637233488
1898,-404.639819574
1899,-405.637528688
1900,-406.638815246
1901,-407.636726313
1902,-408.636916194
1903,-409.639569367
1904,-410.639128848
1905,-411.639929711
1906,-412.639077083
1907,-413.640024968
1908,-414.639167472
1909,-415.638297656
1910,-416.637293682
1911,-417.638226899
1912,-418.637493799
1913,-419.635737496
1914,-420.637172057
1915,-421.636841959
1916,-422.637280475
1917,-423.6381253
1918,-424.637448939
1919,-425.637347138
1920,-426.639420421
1921,-427.638545668
1922,-428.639207766
1923,-429.636274928
1924,-430.637975343
1925,-431.637980843
1926,-432.637422239
1927,-433.636236577
1928,-434.638639232
1929,-435.637221051
1930,-436.638667115
1931,-437.638856946
1932,-438.638436042
1933,-439.639060222
1934,-440.638811604
1935,-441.639079596
1936,-442.637615408
1937,-443.638793453
1938,-444.637102849
1939,-445.635797922
1940,-446.638423125
1941,-447.63675976
1942,-448.639826465
1943,-449.636702505
1944,-450.638271553
1945,-452.63693535
1946,-453.639006371
1947,-454.63587115
1948,-455.639368106
1949,-456.639684338
1950,-457.63877117
1951,-458.637503578
1952,-459.638947853
1953,-460.637788095
1954,-461.63508608
1955,-462.639003889
1956,-463.636070215
1957,-464.639223454
1958,-465.637296478
1959,-466.636919545
1960,-467.638415627
1961,-468.638043947
1962,-469.640188526
1963,-470.636157914
1964,-471.638982742
1965,-472.634903444
1966,-473.637884946
1967,-474.640055482
1968,-475.639164322
1969,-476.638258198
1970,-477.63780928
1971,-478.636079909
1972,-479.639005778
1973,-480.633881466
1974,-481.637513485
1975,-482.63876322
1976,-483.63787641
1977,-484.637962459
1978,-485.635201524
1979,-486.639203092
1980,-487.636045897
1981,-488.637443744
1982,-489.639385449
1983,-490.639689534
1984,-491.63771002
1985,-492.637496399
1986,-493.638813631
1987,-494.63631314
1988,-495.639391525
1989,-496.638145354
1990,-497.639149705
1991,-498.638811116
1992,-499.639170779
1993,-500.63949814
1994,-501.636349053
1995,-502.63674761
1996,-503.637424657
1997,-504.639449824
1998,-505.639086034
1999,-506.637637259
2000,-507.637621473
2001,-508.637117166
2002,-509.635945441
2003,-510.638195224
2004,-511.637094287
2005,-512.639164841
2006,-513.635841723
2007,-515.636758638
2008,-516.637405366
2009,-517.635620242
2010,-518.638394307
2011,-519.637425191
2012,-520.638981675
2013,-521.639213877
2014,-522.638829313
2015,-523.63829646
2016,-524.635493244
2017,-525.63885173
2018,-526.638726395
2019,-527.639040762
2020,-528.639539544
2021,-529.635693962
2022,-530.635029124
2023,-531.638274285
2024,-532.638984121
2025,-533.637311793
2026,-534.638332719
2027,-535.63916514
2028,-536.638085474
2029,-537.638828246
2030,-538.637427597
2031,-539.63933293
2032,-541.637131907
2033,-542.63723342
2034,-543.638968436
2035,-544.639099017
2036,-545.638815756
2037,-546.637329312
2038,-547.639073275
2039,-548.63959041
2040,-549.638179194
2041,-550.639063663
2042,-551.639567722
2043,-552.63798463
2044,-553.63920671
2045,-554.636527716
2046,-555.637432486
2047,-556.639133699
2048,-557.638747566
2049,-558.637763364
2050,-559.638734575
2051,-560.639249939
2052,-561.637043501
2053,-562.639110567
2054,-563.639029887
2055,-564.635460355
2056,-565.63921709
2057,-566.637211581
2058,-567.637428622
2059,-568.638678882
2060,-569.639859527
2061,-570.63917496
2062,-571.638327029
2063,-572.639188061
2064,-573.639610937
2065,-574.637347446
2066,-575.637347102
2067,-576.639193218
2068,-577.637691981
2069,-578.638301779
2070,-579.639639086
2071,-580.638426258
2072,-581.637944338
2073,-582.636944632
2074,-583.637327182
2075,-584.638874361
2076,-585.638483587
2077,-586.639098232
2078,-587.637543005
2079,-588.63928559
2080,-589.638409413
2081,-590.6389121
2082,-591.637604128
2083,-592.638299194
2084,-593.637384138
2085,-594.636448476
2086,-595.639194935
2087,-596.637590421
2088,-597.635939715
2089,-598.639792928
2090,-599.637194017
2091,-600.637496255
2092,-601.637355982
2093,-602.638358605
2094,-603.637437125
2095,-604.637490185
2096,-605.639054309
2097,-606.635570876
2098,-607.637376328
2099,-608.639063491
2100,-609.638200027
2101,-610.63711908
2102,-611.636835989
2103,-612.636980798
2104,-613.638506646
2105,-614.638547994
2106,-615.63831106
2107,-616.637294068
2108,-617.637042721
2109,-618.636922668
2110,-619.638278919
2111,-620.637141593
2112,-621.639047859
2113,-622.640309139
2114,-623.638800365
2115,-624.639093329
2116,-625.637961408
2117,-626.637433385
2118,-627.638812158
2119,-628.634140176
2120,-629.636245542
2121,-630.638921473
2122,-631.638223455
2123,-632.639221092
2124,-633.637387778
2125,-634.637496202
2126,-635.638846761
2127,-636.639245882
2128,-637.639192249
2129,-638.639975721
2130,-639.637887846
2131,-640.638715705
2132,-641.639521599
2133,-642.63800143
2134,-643.638711313
2135,-644.639103136
2136,-645.63764554
2137,-647.63919792
2138,-648.638526927
2139,-649.639686876
2140,-650.639048073
2141,-651.639225135
2142,-652.639479437
2143,-653.635228318
2144,-654.636716913
2145,-655.635338723
2146,-656.638918674
2147,-657.639230594
2148,-658.638138466
2149,-659.631021313
2150,-660.637292108
2151,-661.636412028
2152,-662.639820589
2153,-663.637437664
2154,-664.638151835
2155,-665.637416975
2156,-666.639179654
2157,-667.637355653
2158,-668.637739173
2159,-669.637520366
2160,-670.639462258
2161,-671.63842573
2162,-672.639053821
2163,-673.639259215
2164,-674.638766529
2165,-675.639195126
2166,-676.637506153
2167,-677.639239038
2168,-678.636723155
2169,-679.637468936
2170,-680.636071095
2171,-681.63743182
2172,-682.636642777
2173,-683.63921794
2174,-684.637529993
2175,-685.640565126
2176,-686.639670583
2177,-687.6381447
2178,-688.637108778
2179,-689.639942135
2180,-690.637111083
2181,-691.637320533
2182,-692.639245949
2183,-693.636691757
2184,-694.639165592
2185,-695.639175148
2186,-696.635153355
2187,-697.63734246
2188,-698.639187
2189,-699.639382137
2190,-700.63780741
2191,-701.637104288
2192,-702.635987278
2193,-703.637188979
2194,-704.637063418
2195,-705.638214189
2196,-706.635833585
2197,-707.63636941
2198,-708.639479469
2199,-709.634873841
2200,-710.638386278
2201,-711.639517306
2202,-712.637569768
2203,-713.639257998
2204,-714.639532037
2205,-715.639155394
2206,-716.637530358
2207,-717.637452883
2208,-718.63910786
2209,-719.638766973
2210,-720.63818275
2211,-721.635570812
2212,-722.635761559
2213,-723.637431048
2214,-724.638327887
2215,-725.637095208
2216,-726.637339681
2217,-727.638946281
2218,-728.638804097
2219,-729.638746245
2220,-730.638893954
2221,-731.638070937
2222,-732.63761087
2223,-733.637366621
2224,-734.638996192
2225,-735.635761375
2226,-736.638999416
2227,-737.637359691
2228,-738.638466662
2229,-739.637118784
2230,-740.636408616
2231,-741.638437717
2232,-742.636011364
2233,-743.639420395
2234,-744.638405635
2235,-745.63799844
2236,-746.638021691
2237,-747.638593242
2238,-748.638250272
2239,-749.63986849
2240,-750.6379618
2241,-751.637472313
2242,-752.639601401
2243,-753.638754799
2244,-754.63929082
2245,-755.638796215
2246,-756.637097592
2247,-757.638200615
2248,-758.638875025
2249,-759.636954994
2250,-760.63718292
2251,-761.636285543
2252,-762.639083451
2253,-763.638370104
2254,-764.6374844
2255,-765.636324028
2256,-766.637526622
2257,-767.637379879
2258,-768.639300699
2259,-769.6344824
2260,-770.639214345
2261,-771.63919586
2262,-772.639025039
2263,-773.63622218
2264,-774.640314078
2265,-775.640450002
2266,-776.633832448
2267,-777.638495069
2268,-778.635702207
2269,-779.638708613
2270,-780.63907318
2271,-781.638017632
2272,-782.638640005
2273,-783.637480141
2274,-784.638018463
2275,-785.635880179
2276,-786.636458273
2277,-787.636770302
2278,-788.637605631
2279,-789.637103781
2280,-790.637499484
2281,-791.635035954
2282,-792.637344168
2283,-793.636479561
2284,-794.638701446
2285,-795.639512385
2286,-796.63732173
2287,-797.637486444
2288,-798.636536492
2289,-799.637182643
2290,-800.636803377
2291,-801.637227708
2292,-802.636973375
2293,-803.639556194
2294,-804.633551045
2295,-805.637101422
2296,-806.639066619
2297,-807.636924324
2298,-808.639704804
2299,-809.63753843
2300,-810.637384216
2301,-811.637091584
2302,-812.639022713
2303,-813.637100607
2304,-814.63540114
2305,-815.639269804
2306,-816.637106435
2307,-817.639486497
2308,-818.635119316
2309,-819.639833329
2310,-820.639046412
2311,-821.638277323
2312,-822.637314624
2313,-823.637865641
2314,-824.63708319
2315,-825.637365558
2316,-826.639162499
2317,-827.637131735
2318,-828.638839486
2319,-829.637617855
2320,-830.639579452
2321,-831.636545274
2322,-832.637103892
2323,-833.636182257
2324,-834.63804209
2325,-835.635660701
2326,-836.636755592
2327,-837.640356053
2328,-838.637422214
2329,-839.640379841
2330,-840.636955612
2331,-841.637095915
2332,-842.637516938
2333,-843.639920366
2334,-844.63991631
2335,-845.639610401
2336,-846.634628145
2337,-847.637138871
2338,-848.638575465
2339,-849.63903123
2340,-850.636423354
2341,-851.638971983
2342,-852.637388229
2343,-853.638822283
2344,-854.640075875
2345,-855.6364222
2346,-856.637949056
2347,-857.638712662
2348,-858.637142588
2349,-859.639102313
2350,-860.638940187
2351,-861.638687384
2352,-862.639145494
2353,-863.634156678
2354,-864.639945935
2355,-865.639077048
2356,-866.638003733
2357,-867.636905286
2358,-868.63746149
2359,-869.63973063
2360,-870.638795631
2361,-871.638740004
2362,-872.639001165
2363,-873.639398482
2364,-874.637672157
2365,-875.639195043
2366,-876.636588875
2367,-877.638253389
2368,-878.636024114
2369,-879.639111645
2370,-880.638530041
2371,-881.638238221
2372,-882.638397904
2373,-883.637104216
2374,-884.63651392
2375,-885.637367661
2376,-886.637329146
2377,-887.639155121
2378,-888.637357695
2379,-889.639054898
2380,-890.639069626
2381,-891.63822015
2382,-892.63762421
2383,-893.637932776
2384,-894.637116087
2385,-895.637099803
2386,-896.63919624
2387,-897.638386796
2388,-898.637539414
2389,-899.635498966
2390,-900.638515315
2391,-901.639729669
2392,-902.636675991
2393,-903.634511652
2394,-904.636548904
2395,-905.637775798
2396,-906.637404111
2397,-907.637060087
2398,-908.638411359
2399,-909.634603499
2400,-910.636055084
2401,-911.63732275
2402,-912.6373408
2403,-913.637808067
2404,-914.63965399
2405,-915.637055049
2406,-916.637404434
2407,-917.637622905
2408,-918.634173222
2409,-919.637534622
2410,-920.637264422
2411,-921.637105229
2412,-922.639724803
2413,-923.638981715
2414,-924.638111605
2415,-925.636733502
2416,-926.636872401
2417,-927.640348459
2418,-928.638361034
2419,-929.63970606
2420,-930.639327737
2421,-931.636227743
2422,-932.638436322
2423,-933.636484881
2424,-934.6390108
2425,-935.638732701
2426,-936.639820229
2427,-937.637381307
2428,-938.639307832
2429,-939.638866389
2430,-940.638867054
2431,-941.63670603
2432,-942.635154426
2433,-943.638829328
2434,-944.636271941
2435,-945.639967216
2436,-946.637931285
2437,-947.638245507
2438,-948.637557831
2439,-951.637732534
2440,-952.637049108
2441,-953.638843418
2442,-955.639290863
2443,-956.6391806
2444,-957.639690059
2445,-958.637923114
2446,-959.639287556
2447,-960.639831253
2448,-961.638921065
2449,-962.635230303
2450,-963.637093759
2451,-964.638035368
2452,-965.638826663
2453,-966.636643989
2454,-967.637138913
2455,-968.638177234
2456,-969.638806053
2457,-970.637838145
2458,-971.638292837
2459,-972.638006727
2460,-973.63939991
2461,-974.634964385
2462,-975.638125192
2463,-976.638732851
2464,-977.637405794
2465,-978.63742188
2466,-979.63968364
2467,-980.639254483
2468,-981.636845933
2469,-982.638669145
2470,-983.638751834
2471,-984.636702689
2472,-985.637725655
2473,-986.638091366
2474,-987.637997333
2475,-988.637400319
2476,-989.637575336
2477,-990.634751417
2478,-991.639539693
2479,-992.636500901
2480,-993.63729868
2481,-994.639064735
2482,-995.639157843
2483,-996.63755549
2484,-997.637530757
2485,-998.635087478
2486,-999.637499183
2487,-1000.63702273
2488,-1001.63921832
2489,-1002.63744292
2490,-1003.63751142
2491,-1004.63775366
2492,-1005.63837176
2493,-1006.63905426
2494,-1007.6375329
2495,-1008.63990846
2496,-1009.63891373
2497,-1010.63779254
2498,-1011.63712796
2499,-1012.63687884
2500,-1013.63985492
2501,-1014.63569499
2502,-1015.63984295
2503,-1016.6374399
2504,-1017.63822338
2505,-1018.63567579
2506,-1019.63887486
2507,-1020.63975454
2508,-1021.63658435
2509,-1022.6390263
2510,-1023.63736322
2511,-1024.63911367
2512,-1025.63711094
2513,-1026.63956302
2514,-1027.63907682
2515,-1028.63735351
2516,-1029.63924535
2517,-1030.63928228
2518,-1031.63941343
2519,-1032.63928137
2520,-1033.63868386
2521,-1034.63908506
2522,-1035.63930121
2523,-1036.63980856
2524,-1037.63779053
2525,-1038.63883373
2526,-1039.63915499
2527,-1040.63796118
2528,-1041.63816841
2529,-1042.63952174
2530,-1043.6375945
2531,-1044.63709608
2532,-1045.63943243
2533,-1046.63716929
2534,-1047.63841167
2535,-1048.63918121
2536,-1049.63915474
2537,-1050.63839057
2538,-1051.63478344
2539,-1052.63838725
2540,-1053.63933425
2541,-1054.63371111
2542,-1055.63780648
2543,-1056.63903396
2544,-1057.6370149
2545,-1058.63754367
2546,-1059.63891409
2547,-1060.63891011
2548,-1061.63709315
2549,-1062.63728488
2550,-1063.63695127
2551,-1064.63732294
2552,-1065.63774515
2553,-1066.63539883
2554,-1067.63781841
2555,-1068.63944143
2556,-1069.63856836
2557,-1070.63550181
2558,-1071.63906342
2559,-1072.63677847
2560,-1073.63829232
2561,-1074.63791256
2562,-1075.63801434
2563,-1076.63900283
2564,-1077.63918888
2565,-1078.63778062
2566,-1079.63920919
2567,-1080.63997088
2568,-1081.6376995
2569,-1082.63495874
2570,-1083.63928293
2571,-1084.6375183
2572,-1085.64044126
2573,-1086.63960396
2574,-1087.6373058
2575,-1088.63901786
2576,-1089.63877968
2577,-1090.63754329
2578,-1091.63742488
2579,-1092.63913802
2580,-1093.63704652
2581,-1094.63774629
2582,-1095.63709618
2583,-1096.63954584
2584,-1097.63677578
2585,-1098.63722509
2586,-1099.63737275
2587,-1100.63895173
2588,-1101.63718569
2589,-1102.63796259
2590,-1103.63541585
2591,-1104.63956766
2592,-1105.63914353
2593,-1106.63716037
2594,-1107.6390433
2595,-1108.63967455
2596,-1109.63906165
2597,-1110.63956186
2598,-1111.63935468
2599,-1112.6366813
2600,-1113.63073976
2601,-1114.63688034
2602,-1115.63846668
2603,-1116.63731109
2604,-1117.64015758
2605,-1118.63647496
2606,-1119.6343939
2607,-1120.63813955
2608,-1121.63999203
2609,-1122.63889895
2610,-1123.63881557
2611,-1124.6384282
2612,-1125.64053163
2613,-1126.63831848
2614,-1127.63993774
2615,-1128.63608146
2616,-1129.63705782
2617,-1130.63918698
2618,-1131.6390139
2619,-1132.6397146
2620,-1133.63889935
2621,-1134.63767822
2622,-1135.63993357
2623,-1136.63791144
2624,-1137.64008341
2625,-1138.63836797
2626,-1139.63906112
2627,-1140.63717062
2628,-1141.63335387
2629,-1142.63821368
2630,-1143.63808602
2631,-1144.63877628
2632,-1145.63824997
2633,-1146.63924388
2634,-1147.63713599
2635,-1148.63941987
2636,-1149.63747437
2637,-1150.6380516
2638,-1151.63854605
2639,-1152.639891
2640,-1153.6360585
2641,-1154.63951557
2642,-1155.63799591
2643,-1156.63708682
2644,-1157.63755999
2645,-1158.63437494
2646,-1159.63904746
2647,-1160.63732366
2648,-1161.63799679
2649,-1162.63756333
2650,-1163.63901567
2651,-1164.63799836
2652,-1165.63830711
2653,-1166.64044871
2654,-1167.63902078
2655,-1168.63638528
2656,-1169.63911806
2657,-1170.63627922
2658,-1171.63837201
2659,-1172.63878088
2660,-1173.63921467
2661,-1174.63969807
2662,-1175.63983239
2663,-1176.63761627
2664,-1177.63938243
2665,-1178.63966302
2666,-1179.63936426
2667,-1180.63971176
2668,-1181.63853936
2669,-1182.6394222
2670,-1183.63653247
2671,-1184.63917016
2672,-1185.63753664
2673,-1186.63711403
2674,-1187.63904989
2675,-1188.63949767
2676,-1189.64029387
2677,-1190.63765567
2678,-1191.63635759
2679,-1192.63892328
2680,-1193.63843404
2681,-1194.63757346
2682,-1195.63723484
2683,-1196.63732676
2684,-1197.63741741
2685,-1198.6367397
2686,-1199.63836404
2687,-1200.63819688
2688,-1201.63821168
2689,-1202.63739104
2690,-1203.63732441
2691,-1204.63709753
2692,-1205.6376972
2693,-1206.63563889
2694,-1207.63880405
2695,-1208.63948313
2696,-1209.63916564
2697,-1210.64001743
2698,-1211.63777686
2699,-1212.63752003
2700,-1213.63839134
2701,-1214.63556978
2702,-1215.63671487
2703,-1216.64013541
2704,-1217.63868526
2705,-1218.63431481
2706,-1219.63728792
2707,-1220.63965803
2708,-1221.63776604
2709,-1222.63718578
2710,-1223.63933806
2711,-1224.63817113
2712,-1225.63593449
2713,-1226.63977875
2714,-1227.63635677
2715,-1228.63701458
2716,-1229.63506255
2717,-1230.63953343
2718,-1231.6378674
2719,-1232.63817205
2720,-1233.63718391
2721,-1234.63762599
2722,-1235.6375037
2723,-1236.63881209
2724,-1237.63666766
2725,-1238.63736492
2726,-1239.64011273
2727,-1240.6356739
2728,-1241.63892298
2729,-1242.63703164
2730,-1243.63711933
2731,-1244.63956082
2732,-1245.63927213
2733,-1246.63799197
2734,-1247.63441928
2735,-1248.63730283
2736,-1249.63947111
2737,-1250.63693607
2738,-1251.63607604
2739,-1252.63920578
2740,-1253.63776178
2741,-1254.63722679
2742,-1255.63715607
2743,-1256.63921355
2744,-1257.63781232
2745,-1258.63775832
2746,-1259.63811846
2747,-1260.63963928
2748,-1261.63752534
2749,-1262.63486248
2750,-1263.63942165
2751,-1264.63887248
2752,-1265.63713415
2753,-1266.63705863
2754,-1267.63668932
2755,-1268.63992765
2756,-1269.63802903
2757,-1270.63678008
2758,-1271.63736704
2759,-1272.63720159
2760,-1273.6383592
2761,-1274.63929262
2762,-1275.63846569
2763,-1276.63981532
2764,-1277.63841297
2765,-1278.6317485
2766,-1279.63663897
2767,-1280.63919981
2768,-1281.63668192
2769,-1282.63798985
2770,-1283.63982219
2771,-1284.63817044
2772,-1285.63942334
2773,-1286.6386373
2774,-1287.63921559
2775,-1288.63857174
2776,-1289.6361168
2777,-1290.63870406
2778,-1291.63869159
2779,-1292.63743279
2780,-1293.6346309
2781,-1294.63801014
2782,-1295.64004554
2783,-1296.63779582
2784,-1297.63616839
2785,-1298.63971399
2786,-1299.6388665
2787,-1300.63879708
2788,-1301.63892499
2789,-1302.63645357
2790,-1303.63712554
2791,-1304.63863835
2792,-1305.637535
2793,-1306.6374562
2794,-1307.63123183
2795,-1308.63815742
2796,-1309.63916647
2797,-1310.6389758
2798,-1311.6360428
2799,-1312.639194
2800,-1313.63857395
2801,-1314.63925467
2802,-1315.63708495
2803,-1316.63726497
2804,-1317.63914695
2805,-1318.63825414
2806,-1319.63736026
2807,-1320.63976866
2808,-1321.63885023
2809,-1322.63850798
2810,-1323.64018293
2811,-1324.63475688
2812,-1325.63713373
2813,-1326.63670699
2814,-1327.63879736
2815,-1328.63823238
2816,-1329.63669369
2817,-1330.63802455
2818,-1331.63989868
2819,-1332.6391551
2820,-1333.6391476
2821,-1334.63613273
2822,-1335.63695033
2823,-1336.63735481
2824,-1337.63843322
2825,-1338.63911204
2826,-1339.6393027
2827,-1340.63882895
2828,-1341.63914857
2829,-1342.63632802
2830,-1343.63715312
2831,-1344.63727433
2832,-1345.63536808
2833,-1346.637259
2834,-1347.63736546
2835,-1348.63920762
2836,-1349.63614184
2837,-1350.63844839
2838,-1351.63903405
2839,-1352.63887961
2840,-1353.63743787
2841,-1354.637724
2842,-1355.63610916
2843,-1356.63750067
2844,-1357.63595941
2845,-1358.63926965
2846,-1359.6373887
2847,-1360.63850229
2848,-1361.63902699
2849,-1362.63924962
2850,-1363.63765075
2851,-1364.63915544
2852,-1365.63716528
2853,-1366.6376575
2854,-1367.63995089
2855,-1368.63795976
2856,-1369.63465087
2857,-1370.63935489
2858,-1371.63891121
2859,-1372.63545968
2860,-1373.63752945
2861,-1374.63749206
2862,-1375.63631048
2863,-1376.63962728
2864,-1377.63737297
2865,-1378.6375032
2866,-1379.63942662
2867,-1380.63735084
2868,-1381.63823179
2869,-1382.6378062
2870,-1383.63916501
2871,-1384.63915177
2872,-1385.63553124
2873,-1386.63916947
2874,-1387.63929139
2875,-1388.63647687
2876,-1389.63154928
2877,-1390.637246
2878,-1391.63765635
2879,-1392.63826381
2880,-1393.63716065
2881,-1394.63542323
2882,-1395.637812
2883,-1396.63761253
2884,-1397.63898436
2885,-1398.63905377
2886,-1399.63637589
2887,-1400.63931559
2888,-1401.63762158
2889,-1402.63731756
2890,-1403.63969551
2891,-1404.63968471
2892,-1405.63924744
2893,-1406.63721885
2894,-1407.63956747
2895,-1408.63929011
2896,-1409.63584006
2897,-1410.63891196
2898,-1411.63726423
2899,-1412.63874625
2900,-1413.63889686
2901,-1414.63764566
2902,-1415.63956315
2903,-1416.63909587
2904,-1417.63717588
2905,-1418.63704661
2906,-1419.63906114
2907,-1420.6370549
2908,-1421.63668241
2909,-1422.63733125
2910,-1423.63844831
2911,-1424.63920614
2912,-1425.63850058
2913,-1426.63816098
2914,-1427.63999931
2915,-1428.63582505
2916,-1429.63707727
2917,-1430.63875039
2918,-1431.63705014
2919,-1432.63701614
2920,-1433.63711039
2921,-1434.6371696
2922,-1435.63650797
2923,-1436.6399134
2924,-1437.63955733
2925,-1438.63915673
2926,-1439.63831667
2927,-1440.6353008
2928,-1441.63808866
2929,-1442.63882489
2930,-1443.64004586
2931,-1444.63922344
2932,-1445.63899751
2933,-1446.63775153
2934,-1447.63842018
2935,-1448.63904432
2936,-1449.64031764
2937,-1450.6387464
2938,-1451.63733965
2939,-1452.63881818
2940,-1453.63741073
2941,-1454.63826738
2942,-1455.63764693
2943,-1456.63607344
2944,-1457.63763449
2945,-1458.63730543
2946,-1459.63981852
2947,-1460.63774337
2948,-1462.64006159
2949,-1463.63860803
2950,-1464.63679844
2951,-1465.63560376
2952,-1466.63768326
2953,-1467.63917128
2954,-1468.6390164
2955,-1469.63485124
2956,-1470.6367225
2957,-1471.63740954
2958,-1472.63738997
2959,-1473.63967307
2960,-1474.63724881
2961,-1475.64033904
2962,-1476.63712622
2963,-1477.63997062
2964,-1478.63925324
2965,-1479.63897266
2966,-1480.64029924
2967,-1481.63736016
2968,-1482.63915488
2969,-1483.6386691
2970,-1484.63806552
2971,-1485.63933381
2972,-1486.63614089
2973,-1487.63819822
2974,-1488.63688859
2975,-1489.63708914
2976,-1490.63712834
2977,-1491.63839327
2978,-1492.63847737
2979,-1493.63708394
2980,-1494.63847775
2981,-1495.63854974
2982,-1496.63752621
2983,-1497.63916362
2984,-1498.63904196
2985,-1499.63883346
2986,-1500.63886516
2987,-1501.63911958
2988,-1502.63940919
2989,-1503.64013455
2990,-1504.63570529
2991,-1505.63629047
2992,-1506.63866871
2993,-1507.63708987
2994,-1508.64009859
2995,-1509.63712592
2996,-1510.63878908
